

insert  into `api_list`(`id`,`client_id`,`apiname`,`view_filename`,`api_alias`,`company`,`vendorname`,`sec_vendor`,`apiurl`,`apitesturl`,`deleted_at`,`status`,`del_status`,`created_by`,`updated_by`,`created_at`,`updated_at`) values 
(1,1,'rc','rc','RC','TATAAIG_TEST','invincible','surepass',NULL,NULL,NULL,'1',1,'7','7','2023-07-10 13:11:51','2024-10-30 17:48:13'),
(2,2,'rc','rc','RC','TATAAIG','signzy','invincible',NULL,NULL,NULL,'1',1,'7','7','2023-07-10 18:52:19','2024-05-24 18:37:09'),
(4,3,'rc','rc','RC','Tata Capital','authbridge','',NULL,NULL,NULL,'1',1,'13','13',NULL,'2023-07-14 15:47:07'),
(6,4,'rc','rc','RC','AU','authbridge','signzy',NULL,NULL,NULL,'1',1,'7',NULL,'2023-08-03 14:48:33','2023-08-03 14:48:33'),
(8,1,'rc_bulk','rcbulkreport','RC-BULK','TATAAIG_TEST','surepass','invincible',NULL,NULL,NULL,'1',1,'7','7','2023-08-07 17:17:46','2025-01-31 19:07:16'),
(9,5,'rc','rc','RC','Reliance General Insurance','invincible','signzy',NULL,NULL,NULL,'1',1,'7','7','2023-08-08 11:38:02','2024-07-17 13:15:07'),
(10,2,'rc_bulk','rcbulkreport','RC-BULK','TATAAIG','signzy','authbridge',NULL,NULL,NULL,'1',1,'7','7','2023-08-10 11:43:45','2023-08-10 11:43:45'),
(11,5,'rc_bulk','rcbulkreport','RC-BULK','Reliance General Insurance','signzy','authbridge',NULL,NULL,NULL,'1',1,'7','7','2023-08-10 16:08:24','2023-08-10 16:08:24'),
(12,6,'rc','rc','RC','InsuranceDekho','authbridge','signzy',NULL,NULL,NULL,'1',1,'7',NULL,'2023-08-15 12:45:48','2023-08-15 12:45:48'),
(13,7,'rc','rc','RC','EOS','authbridge','signzy',NULL,NULL,NULL,'1',1,'7','7','2023-08-18 14:35:26','2023-08-24 15:12:36'),
(14,7,'rc_bulk','rcbulkreport','RC-BULK','EOS','authbridge','signzy',NULL,NULL,NULL,'1',1,'7','7','2023-08-18 14:35:26','2023-08-24 15:12:36'),
(15,8,'rc','rc','RC','AmyGB','signzy','invincible',NULL,NULL,NULL,'1',1,'7','7','2023-08-18 16:05:00','2024-05-10 16:56:25'),
(16,8,'rc_bulk','rcbulkreport','RC-BULK','AmyGB','signzy','authbridge',NULL,NULL,NULL,'1',1,'7','7','2023-08-18 16:05:00','2023-08-29 14:52:22'),
(17,9,'rc','rc','RC','Mahindra Finance','signzy','authbridge',NULL,NULL,NULL,'1',1,'7','7','2023-10-12 14:56:48','2023-10-12 14:57:09'),
(18,9,'rc_bulk','rcbulkreport','RC-BULK','Mahindra Finance','signzy','authbridge',NULL,NULL,NULL,'1',1,'7','7','2023-10-12 14:56:48','2023-10-12 14:57:09'),
(20,10,'rc','rc','RC','Future Generali','signzy','authbridge',NULL,NULL,NULL,'1',1,'7','7','2023-11-29 16:08:00','2023-12-19 11:03:20'),
(21,10,'rc_bulk','rcbulkreport','RC-BULK','Future Generali','signzy','authbridge',NULL,NULL,NULL,'1',1,'7','7','2023-11-29 16:08:00','2023-12-19 11:03:20'),
(22,11,'rc','rc','RC','Shriram General Insurance','signzy','authbridge',NULL,NULL,NULL,'1',1,'7',NULL,'2023-12-20 10:14:14','2023-12-20 10:14:14'),
(23,11,'rc_bulk','rcbulkreport','RC-BULK','Shriram General Insurance','signzy','authbridge',NULL,NULL,NULL,'1',1,'7',NULL,'2023-12-20 10:14:14','2023-12-20 10:14:14'),
(26,1,'chassis_bulk','chassis_bulk','CHASSIS-BULK','TATAAIG_TEST','invincible','',NULL,NULL,NULL,'1',1,'7','7','2024-02-13 19:09:28','2024-07-25 12:07:07'),
(27,1,'chassis','chassis','CHASSIS-DATA','TATAAIG_TEST','signzy','',NULL,NULL,NULL,'1',1,'7','7','2024-02-13 19:09:28','2024-02-13 19:09:28'),
(29,12,'pancard','pancard','PANCARD','POC','authbridge','',NULL,NULL,NULL,'1',1,'7','7','2024-02-15 10:51:36','2024-02-19 20:03:24'),
(30,12,'chassis','chassis','CHASSIS-DATA','POC','signzy','',NULL,NULL,NULL,'1',1,'7','7','2024-02-15 10:51:36','2024-02-19 20:03:24'),
(31,12,'license','drvlicense','LICENSE','POC','authbridge','',NULL,NULL,NULL,'1',1,'7','7','2024-02-15 10:51:36','2024-02-19 20:03:24'),
(35,12,'dl_ocr','ocr_dl','DL (OCR)','POC','authbridge','',NULL,NULL,NULL,'1',1,'7','7','2024-02-19 20:03:24','2024-02-19 20:03:24'),
(36,12,'pan_ocr','ocr','PANCARD (OCR)','POC','authbridge','',NULL,NULL,NULL,'1',1,'7','7','2024-02-19 20:03:24','2024-02-19 20:03:24'),
(37,12,'adhar_ocr','ocr_adhar','AADHAR (OCR)','POC','authbridge','',NULL,NULL,NULL,'1',1,'7','7','2024-02-19 20:03:24','2024-02-19 20:03:24'),
(38,13,'rc','rc','RC','Tata Motors Insurance Broking potential','signzy','authbridge',NULL,NULL,NULL,'1',1,'7',NULL,'2024-02-23 11:07:55','2024-02-23 11:07:55'),
(39,1,'challan','schallan','CHALLAN','TATAAIG_TEST','signzy','',NULL,NULL,NULL,'1',1,'7','7','2024-02-28 18:34:30','2024-02-28 18:34:30'),
(42,14,'rc','rc','RC','Mahindra First Choice','signzy','authbridge',NULL,NULL,NULL,'1',1,'7','7','2024-03-26 14:34:20','2024-03-26 15:45:29'),
(43,14,'rc_bulk','rcbulkreport','RC-BULK','Mahindra First Choice','signzy','authbridge',NULL,NULL,NULL,'1',1,'7','7','2024-03-26 14:34:20','2024-03-26 15:45:29'),
(44,15,'rc','rc','RC','Tata Auto Claims','signzy','authbridge',NULL,NULL,NULL,'1',1,'7',NULL,'2024-04-01 17:53:10','2024-04-01 17:53:10'),
(45,15,'license','drvlicense','LICENSE','Tata Auto Claims','authbridge','digitap',NULL,NULL,NULL,'1',1,'7',NULL,'2024-04-01 17:53:10','2024-04-01 17:53:10'),
(46,8,'adhar_ocr','ocr_adhar','AADHAR (OCR)','AmyGB','authbridge','',NULL,NULL,NULL,'1',1,'7','7','2024-05-10 16:56:25','2024-05-10 16:56:25'),
(47,8,'chassis','chassis','CHASSIS-DATA','AmyGB','signzy','',NULL,NULL,NULL,'1',1,'7','7','2024-05-10 16:56:25','2024-05-10 16:56:25'),
(48,8,'license','drvlicense','LICENSE','AmyGB','authbridge','digitap',NULL,NULL,NULL,'1',1,'7','7','2024-05-10 16:56:25','2024-05-10 16:56:25'),
(49,8,'pancard','pancard','PANCARD','AmyGB','authbridge','',NULL,NULL,NULL,'1',1,'7','7','2024-05-10 16:56:25','2024-05-10 16:56:25'),
(50,16,'rc','rc','RC','Taxina Mobility','signzy','',NULL,NULL,NULL,'1',1,'7','7','2024-05-27 12:20:49','2024-05-29 17:07:06'),
(51,17,'rc','rc','RC','Indian Oil','signzy','invincible',NULL,NULL,NULL,'1',1,'7',NULL,'2024-06-07 18:23:58','2024-06-07 18:23:58'),
(52,17,'license','drvlicense','LICENSE','Indian Oil','authbridge','',NULL,NULL,NULL,'1',1,'7',NULL,'2024-06-07 18:23:58','2024-06-07 18:23:58'),
(53,18,'rc','rc','RC','Test Account_06','signzy','',NULL,NULL,NULL,'1',1,'7',NULL,'2024-06-13 19:31:20','2024-06-13 19:31:20'),
(54,19,'rc','rc','RC','Test Account_07','signzy','invincible',NULL,NULL,NULL,'1',1,'7',NULL,'2024-06-19 15:09:24','2024-06-19 15:09:24'),
(55,1,'license','license3','LICENSE','TATAAIG_TEST','invincible','',NULL,NULL,NULL,'1',1,'7','7',NULL,'2024-07-29 13:36:35'),
(56,1,'aadhar_verification','aadhar_verification','AADHAR VERIFICATION','TATAAIG_TEST','invincible','',NULL,NULL,NULL,'1',1,'7','7','2024-09-24 12:52:22','2024-09-24 12:52:22'),
(57,1,'pan_ocr','pan_ocr','PANCARD (OCR)','TATAAIG_TEST','invincible','',NULL,NULL,NULL,'1',1,'7','7','2024-09-24 12:52:22','2024-09-24 12:52:22'),
(58,1,'pancard','pancard','PANCARD','TATAAIG_TEST','invincible','',NULL,NULL,NULL,'1',1,'7','7','2024-09-24 12:53:09','2024-10-09 18:46:09'),
(59,1,'name_match','name_match','Name Match','TATAAIG_TEST','invincible','',NULL,NULL,NULL,'1',1,'7','7','2024-10-09 18:46:09','2024-10-09 18:46:09'),
(60,20,'chassis_bulk','chassis_bulk','CHASSIS-BULK','MSIL','invincible','',NULL,NULL,NULL,'1',1,'7',NULL,'2024-10-23 17:58:28','2024-10-23 17:58:28');

/*Data for the table `api_master` */

insert  into `api_master`(`id`,`vender`,`api_name`,`view_filename`,`api_alias`,`api_url`,`api_endpint`,`status`,`created_at`,`updated_at`) values 
(1,'signzy','rc','rc','RC',NULL,NULL,1,'2023-06-15 16:48:36','2023-06-15 16:48:36'),
(2,'signzy','challan','schallan','CHALLAN',NULL,NULL,1,'2023-06-15 16:48:50','2023-06-15 16:48:50'),
(4,'authbridge','rc','rc','RC',NULL,NULL,1,'2023-06-15 16:49:20','2023-06-15 16:49:20'),
(5,'authbridge','challan','challan_auth','CHALLAN',NULL,NULL,2,'2023-06-15 16:49:26','2023-06-15 16:49:26'),
(6,'signzy','license','license','LICENSE',NULL,NULL,2,'2023-06-16 17:23:25','2023-06-16 17:23:25'),
(7,'authbridge','license','drvlicense','LICENSE',NULL,NULL,1,'2023-06-16 17:23:25','2023-06-16 17:23:25'),
(12,'edas_internal','rc_logic','rcbulkreport_logic','RC LOGIC',NULL,NULL,2,'2023-07-11 12:51:06','2023-07-11 12:51:06'),
(13,'rto','rc','rc_chassis_rto','RC',NULL,NULL,1,'2023-07-18 12:10:04','2023-07-18 12:10:04'),
(14,'rto','challan','challan_rto','CHALLAN',NULL,NULL,2,'2023-07-18 12:10:19','2023-07-18 12:10:19'),
(15,'signzy','rc_bulk','rcbulkreport','RC-BULK',NULL,NULL,1,'2023-08-07 16:21:09','2023-08-07 16:21:09'),
(16,'authbridge','rc_bulk','rcbulkreport','RC-BULK',NULL,NULL,1,'2023-08-07 16:21:17','2023-08-07 16:21:17'),
(17,'digitap','license','drv_license','DRV-LICENSE',NULL,NULL,1,'2024-02-13 18:33:08','2024-02-13 18:33:08'),
(18,'authbridge','pan_ocr','ocr','PANCARD (OCR)',NULL,NULL,1,'2024-02-13 18:33:08','2024-02-13 18:33:08'),
(19,'signzy','chassis','chassis','CHASSIS-DATA',NULL,NULL,1,'2024-02-13 18:33:08','2024-02-13 18:33:08'),
(20,'authbridge','adhar_ocr','ocr_adhar','AADHAR (OCR)',NULL,NULL,1,'2024-02-19 10:40:09','2024-02-19 10:40:09'),
(21,'authbridge','dl_ocr','ocr_dl','DL (OCR)',NULL,NULL,1,'2024-02-19 10:43:56','2024-02-19 10:43:56'),
(22,'authbridge','pancard','pancard','PANCARD',NULL,NULL,1,'2024-02-19 14:40:12','2024-02-19 14:40:12'),
(23,'SC','rc','rc','RC',NULL,NULL,1,'2024-03-19 16:03:09','2024-03-19 16:03:09'),
(24,'invincible','rc','rc','RC',NULL,NULL,1,'2024-04-26 12:54:13','2024-04-26 12:54:13'),
(25,'invincible','chassis_bulk','chassis_bulk','CHASSIS-BULK',NULL,NULL,1,'2024-07-24 18:47:36','2024-07-24 18:47:36'),
(26,'invincible','license','license3','LICENSE',NULL,NULL,1,'2024-07-29 11:48:39','2024-07-29 11:48:39'),
(27,'invincible','pancard','pancard','PANCARD',NULL,NULL,1,'2024-09-24 12:40:07','2024-09-24 12:40:07'),
(28,'invincible','pan_ocr','pan_ocr','PANCARD (OCR)',NULL,NULL,1,'2024-09-24 12:40:47','2024-09-24 12:40:47'),
(29,'invincible','aadhar_verification','aadhar_verification','AADHAR VERIFICATION',NULL,NULL,1,'2024-09-24 12:42:59','2024-09-24 12:42:59'),
(31,'invincible','name_match','name_match','Name Match',NULL,NULL,1,'2024-10-09 18:45:34','2024-10-09 18:45:21'),
(32,'surepass','rc','rc','RC',NULL,NULL,1,'2024-10-25 19:35:33','2024-10-25 19:35:35'),
(33,'surepass','rc_bulk','rcbulkreport','RC-BULK',NULL,NULL,1,'2025-01-31 18:32:31','2025-01-31 18:32:31'),
(34,'invincible','rc_bulk','rcbulkreport','RC-BULK',NULL,NULL,1,'2025-01-31 18:32:48','2025-01-31 18:32:48');

/*Data for the table `clients` */

insert  into `clients`(`id`,`name`,`email`,`website`,`file`,`deleted_at`,`status`,`del_status`,`created_by`,`updated_by`,`created_at`,`updated_at`,`max_count`,`used_credit`,`envtype`,`expirydate`) values 
(1,'TATAAIG_TEST','tata@aig.com',NULL,NULL,NULL,'1',1,'7','7','2023-07-10 13:11:51','2025-01-31 19:09:24',7917,NULL,'production',NULL),
(2,'TATAAIG','vibin.vincent@edas.tech',NULL,NULL,NULL,'1',1,'13','7','2023-07-10 18:52:19','2024-07-04 12:32:29',62206,NULL,'production',NULL),
(3,'Tata Capital','lazar.bing@tatacapital.com',NULL,NULL,NULL,'1',1,'13','13','2023-07-13 16:20:59','2023-07-14 15:49:25',50,NULL,'production',NULL),
(4,'AU','raghav.khandelwal@aubank.in',NULL,NULL,NULL,'1',1,'7',NULL,'2023-08-03 14:48:33','2023-08-03 14:48:33',20,NULL,'production',NULL),
(5,'Reliance General Insurance','deepak.l.mehta@relianceada.com',NULL,NULL,NULL,'1',1,'7','7','2023-08-08 11:38:02','2024-07-17 13:15:07',257844,745670,'production',NULL),
(6,'InsuranceDekho','ayush.mittal@insurancedekho.com',NULL,NULL,NULL,'1',1,'7',NULL,'2023-08-15 12:45:48','2023-08-15 12:45:48',100,NULL,'production',NULL),
(7,'EOS','vibin.vincent@edas.tech',NULL,NULL,NULL,'1',1,'7','7','2023-08-18 14:35:26','2023-08-24 15:12:58',1099,NULL,'production',NULL),
(8,'AmyGB','shashank.dahake@amygb.ai',NULL,NULL,NULL,'1',1,'7','7','2023-08-18 16:05:00','2024-05-10 16:56:25',1906,NULL,'production',NULL),
(9,'Mahindra Finance','preeti.k@amygb.ai',NULL,NULL,NULL,'1',1,'7','7','2023-10-12 14:56:48','2023-10-25 12:54:02',0,NULL,'production',NULL),
(10,'Future Generali','preeti@amygb.ai',NULL,NULL,NULL,'1',1,'7','7','2023-11-29 16:08:00','2023-12-19 11:03:20',32,NULL,'production',NULL),
(11,'Shriram General Insurance','himanshu.upadhyay@shriramgi.com',NULL,NULL,NULL,'1',1,'7',NULL,'2023-12-20 10:14:14','2023-12-20 10:14:14',10000,NULL,'production',NULL),
(12,'POC','jaiprakash.chauhan@edas.tech',NULL,NULL,NULL,'1',1,'7','7','2024-02-15 10:51:36','2024-02-19 20:03:24',165,NULL,'production',NULL),
(13,'Tata Motors Insurance Broking potential','snehas.os@tmibasl.com',NULL,NULL,NULL,'1',1,'7',NULL,'2024-02-23 11:07:55','2024-02-23 11:07:55',96,NULL,'production',NULL),
(14,'Mahindra First Choice','VIJAYRAM.SAGAR@mahindra.com',NULL,NULL,NULL,'1',1,'7','7','2024-03-26 14:34:20','2024-03-26 15:45:29',50,NULL,'production',NULL),
(15,'Tata Auto Claims','mahesh.bhandari@edas.tech',NULL,NULL,NULL,'1',1,'7',NULL,'2024-04-01 17:53:10','2024-04-01 17:53:10',100,NULL,'production',NULL),
(16,'Taxina Mobility','preeti@amygb.ai',NULL,NULL,NULL,'1',1,'7','7','2024-05-27 12:20:49','2024-05-29 17:07:06',9,NULL,'production',NULL),
(17,'Indian Oil','preeti@amygb.ai',NULL,NULL,NULL,'1',1,'7',NULL,'2024-06-07 18:23:58','2024-06-07 18:23:58',5,NULL,'production',NULL),
(18,'Test Account_06','preeti@amygb.ai',NULL,NULL,NULL,'1',1,'7',NULL,'2024-06-13 19:31:20','2024-06-13 19:31:20',0,NULL,'production',NULL),
(19,'Test Account_07','preeti@amygb.ai',NULL,NULL,NULL,'1',1,'7',NULL,'2024-06-19 15:09:24','2024-06-19 15:09:24',200,NULL,'production',NULL),
(20,'MSIL','preeti@amygb.ai',NULL,NULL,NULL,'1',1,'7',NULL,'2024-10-23 17:58:28','2024-10-23 17:58:28',60189,NULL,'production',NULL);

/*Data for the table `credits_log` */

insert  into `credits_log`(`id`,`client_id`,`credits`,`created_at`,`created_by`,`status`,`updated_at`) values 
(1,'1','10000','2024-10-21 20:27:09','7','1','2024-10-21 20:27:09'),
(2,'20','100000','2024-10-23 17:58:28','7','1','2024-10-23 17:58:28'),
(3,'1','30000','2024-11-05 12:49:24','7','1','2024-11-05 12:49:24');

/*Data for the table `failed_jobs` */

/*Data for the table `jobs` */

/*Data for the table `migrations` */

/*Data for the table `module_master` */

/*Data for the table `notification` */

insert  into `notification`(`id`,`user_id`,`client_id`,`subject`,`body`,`read_status`,`status`,`created_by`,`created_at`,`updated_at`) values 
(1878,21,1,'Bulk Upload Report For File : 2024_07_24_191554_chassisData.csv has been proccessed','Bulk Upload Report for file 2024_07_24_191554_chassisData.csv has been proccessed successfully, please check and download from the list!',2,1,0,'2024-07-25 14:04:44','2024-07-25 19:58:30'),
(1879,21,1,'Bulk Upload Report For File : 2024_07_24_191554_chassisData.csv has been proccessed','Bulk Upload Report for file 2024_07_24_191554_chassisData.csv has been proccessed successfully, please check and download from the list!',2,1,0,'2024-07-25 14:11:47','2024-07-25 19:58:35'),
(1880,21,1,'Bulk Upload Report For File : 2024_07_24_191554_chassisData.csv has been proccessed','Bulk Upload Report for file 2024_07_24_191554_chassisData.csv has been proccessed successfully, please check and download from the list!',2,1,0,'2024-07-25 14:16:15','2024-07-25 19:58:32'),
(1881,21,1,'Bulk Upload Report For File : 2024_07_25_162205_sampleChassis.csv has been proccessed','Bulk Upload Report for file 2024_07_25_162205_sampleChassis.csv has been proccessed successfully, please check and download from the list!',2,1,0,'2024-07-25 16:22:17','2024-07-25 19:58:28'),
(1882,21,1,'Bulk Upload Report For File : 2024_07_25_183220_chassisData.csv has been proccessed','Bulk Upload Report for file 2024_07_25_183220_chassisData.csv has been proccessed successfully, please check and download from the list!',2,1,0,'2024-07-25 18:32:22','2024-07-25 19:58:26'),
(1883,21,1,'Bulk Upload Report For File : 2024_07_26_110525_sampleChassis.csv has been proccessed','Bulk Upload Report for file 2024_07_26_110525_sampleChassis.csv has been proccessed successfully, please check and download from the list!',1,1,0,'2024-07-26 11:05:26',NULL),
(1884,21,1,'Bulk Upload Report For File : 2024_07_26_111304_sampleChassis.csv has been proccessed','Bulk Upload Report for file 2024_07_26_111304_sampleChassis.csv has been proccessed successfully, please check and download from the list!',1,1,0,'2024-07-26 11:13:06',NULL),
(1885,21,1,'Bulk Upload Report For File : 2024_07_26_111837_sampleChassis.csv has been proccessed','Bulk Upload Report for file 2024_07_26_111837_sampleChassis.csv has been proccessed successfully, please check and download from the list!',1,1,0,'2024-07-26 11:18:37',NULL),
(1886,21,1,'Bulk Upload Report For File : 2024_07_26_111924_sampleChassis.csv has been proccessed','Bulk Upload Report for file 2024_07_26_111924_sampleChassis.csv has been proccessed successfully, please check and download from the list!',1,1,0,'2024-07-26 11:19:26',NULL),
(1887,21,1,'Bulk Upload Report For File : 2024_07_25_201227_Testing1.csv has been proccessed','Bulk Upload Report for file 2024_07_25_201227_Testing1.csv has been proccessed successfully, please check and download from the list!',1,1,0,'2024-07-26 11:25:36',NULL),
(1888,21,1,'Bulk Upload Report For File : 2024_07_26_115350_Testing1.csv has been proccessed','Bulk Upload Report for file 2024_07_26_115350_Testing1.csv has been proccessed successfully, please check and download from the list!',1,1,0,'2024-07-26 11:55:17',NULL),
(1889,21,1,'Bulk Upload Report For File : 2024_07_26_121613_Chasssis_Testing_2.csv has been proccessed','Bulk Upload Report for file 2024_07_26_121613_Chasssis_Testing_2.csv has been proccessed successfully, please check and download from the list!',1,1,0,'2024-07-26 12:16:22',NULL),
(1890,21,1,'Bulk Upload Report For File : 2024_07_26_125333_sampleChassis.csv has been proccessed','Bulk Upload Report for file 2024_07_26_125333_sampleChassis.csv has been proccessed successfully, please check and download from the list!',1,1,0,'2024-07-26 12:53:36',NULL),
(1891,21,1,'Bulk Upload Report For File : 2024_07_26_130014_sampleChassis.csv has been proccessed','Bulk Upload Report for file 2024_07_26_130014_sampleChassis.csv has been proccessed successfully, please check and download from the list!',1,1,0,'2024-07-26 13:00:17',NULL),
(1892,21,1,'Bulk Upload Report For File : 2024_07_26_132919_Chasssis_Testing_2.csv has been proccessed','Bulk Upload Report for file 2024_07_26_132919_Chasssis_Testing_2.csv has been proccessed successfully, please check and download from the list!',1,1,0,'2024-07-26 13:29:26',NULL),
(1893,21,1,'Bulk Upload Report For File : 2024_07_26_145440_Chasssis_Testing_2.csv has been proccessed','Bulk Upload Report for file 2024_07_26_145440_Chasssis_Testing_2.csv has been proccessed successfully, please check and download from the list!',1,1,0,'2024-07-26 15:02:11',NULL),
(1894,21,1,'Bulk Upload Report For File : 2024_07_26_150343_Chasssis_Testing_2.csv has been proccessed','Bulk Upload Report for file 2024_07_26_150343_Chasssis_Testing_2.csv has been proccessed successfully, please check and download from the list!',1,1,0,'2024-07-26 15:03:52',NULL),
(1895,21,1,'Bulk Upload Report For File : 2024_07_26_150552_CT_#.csv has been proccessed','Bulk Upload Report for file 2024_07_26_150552_CT_#.csv has been proccessed successfully, please check and download from the list!',1,1,0,'2024-07-26 15:06:07',NULL),
(1896,21,1,'Bulk Upload Report For File : 2024_07_26_162415_CT4.csv has been proccessed','Bulk Upload Report for file 2024_07_26_162415_CT4.csv has been proccessed successfully, please check and download from the list!',1,1,0,'2024-07-26 16:24:27',NULL),
(1897,21,1,'Bulk Upload Report For File : 2024_07_26_164240_CT1.csv has been proccessed','Bulk Upload Report for file 2024_07_26_164240_CT1.csv has been proccessed successfully, please check and download from the list!',1,1,0,'2024-07-26 16:42:58',NULL),
(1898,21,1,'Bulk Upload Report For File : 2024_07_26_171204_CT1.csv has been proccessed','Bulk Upload Report for file 2024_07_26_171204_CT1.csv has been proccessed successfully, please check and download from the list!',2,1,0,'2024-07-26 17:12:22','2024-10-09 18:49:44'),
(1899,21,1,'Bulk Upload Report For File : 2024_07_30_161337_Chassis.csv has been proccessed','Bulk Upload Report for file 2024_07_30_161337_Chassis.csv has been proccessed successfully, please check and download from the list!',2,1,0,'2024-07-30 16:14:26','2024-10-09 18:49:47'),
(1900,21,1,'Bulk Upload Report For File : 2024_10_21_202436_RChasis_21_Oct.csv has been proccessed','Bulk Upload Report for file 2024_10_21_202436_RChasis_21_Oct.csv has been proccessed successfully, please check and download from the list!',1,1,0,'2024-10-21 20:24:38',NULL),
(1901,21,1,'Bulk Upload Report For File : 2024_10_21_202937_RChasis_21_Oct.csv has been proccessed','Bulk Upload Report for file 2024_10_21_202937_RChasis_21_Oct.csv has been proccessed successfully, please check and download from the list!',1,1,0,'2024-10-21 20:32:03',NULL),
(1902,21,1,'Bulk Upload Report For File : 2024_10_21_204236_chasssis_1.csv has been proccessed','Bulk Upload Report for file 2024_10_21_204236_chasssis_1.csv has been proccessed successfully, please check and download from the list!',1,1,0,'2024-10-21 22:09:41',NULL),
(1903,21,1,'Bulk Upload Report For File : 2024_10_22_004923_chassis_2.csv has been proccessed','Bulk Upload Report for file 2024_10_22_004923_chassis_2.csv has been proccessed successfully, please check and download from the list!',1,1,0,'2024-10-22 04:51:32',NULL),
(1904,21,1,'Bulk Upload Report For File : 2024_10_22_164039_MSIL_chassis_input.csv has been proccessed','Bulk Upload Report for file 2024_10_22_164039_MSIL_chassis_input.csv has been proccessed successfully, please check and download from the list!',1,1,0,'2024-10-22 16:46:42',NULL),
(1905,109,20,'Bulk Upload Report For File : 2024_10_23_180144_23_Oct_msil_chassis_input.csv has been proccessed','Bulk Upload Report for file 2024_10_23_180144_23_Oct_msil_chassis_input.csv has been proccessed successfully, please check and download from the list!',1,1,0,'2024-10-23 18:50:52',NULL),
(1906,109,20,'Bulk Upload Report For File : 2024_10_25_142628_Reverse.csv has been proccessed','Bulk Upload Report for file 2024_10_25_142628_Reverse.csv has been proccessed successfully, please check and download from the list!',1,1,0,'2024-10-25 14:26:32',NULL),
(1907,21,1,'Bulk Upload Report For File : 2024_10_26_140652_sample (2).csv has been proccessed','Bulk Upload Report for file 2024_10_26_140652_sample (2).csv has been proccessed successfully, please check and download from the list!',1,1,0,'2024-10-26 14:16:38',NULL),
(1908,21,1,'Bulk Upload Report For File : 2024_10_26_141950_sample (2).csv has been proccessed','Bulk Upload Report for file 2024_10_26_141950_sample (2).csv has been proccessed successfully, please check and download from the list!',1,1,0,'2024-10-26 14:22:32',NULL),
(1909,21,1,'Bulk Upload Report For File : 2024_10_26_142246_sample (2).csv has been proccessed','Bulk Upload Report for file 2024_10_26_142246_sample (2).csv has been proccessed successfully, please check and download from the list!',1,1,0,'2024-10-26 14:22:49',NULL),
(1910,21,1,'Bulk Upload Report For File : 2024_10_26_142537_sample (2).csv has been proccessed','Bulk Upload Report for file 2024_10_26_142537_sample (2).csv has been proccessed successfully, please check and download from the list!',1,1,0,'2024-10-26 14:25:38',NULL),
(1911,21,1,'Bulk Upload Report For File : 2024_10_26_142726_sample (2).csv has been proccessed','Bulk Upload Report for file 2024_10_26_142726_sample (2).csv has been proccessed successfully, please check and download from the list!',1,1,0,'2024-10-26 14:27:28',NULL),
(1912,21,1,'Bulk Upload Report For File : 2024_10_26_154538_sample (2).csv has been proccessed','Bulk Upload Report for file 2024_10_26_154538_sample (2).csv has been proccessed successfully, please check and download from the list!',1,1,0,'2024-10-26 15:45:41',NULL),
(1913,21,1,'Bulk Upload Report For File : 2024_10_26_154744_sample (2).csv has been proccessed','Bulk Upload Report for file 2024_10_26_154744_sample (2).csv has been proccessed successfully, please check and download from the list!',1,1,0,'2024-10-26 15:47:49',NULL),
(1914,21,1,'Bulk Upload Report For File : 2024_10_26_155124_sample (2).csv has been proccessed','Bulk Upload Report for file 2024_10_26_155124_sample (2).csv has been proccessed successfully, please check and download from the list!',1,1,0,'2024-10-26 15:51:28',NULL),
(1915,21,1,'Bulk Upload Report For File : 2024_10_26_155436_sample (2).csv has been proccessed','Bulk Upload Report for file 2024_10_26_155436_sample (2).csv has been proccessed successfully, please check and download from the list!',1,1,0,'2024-10-26 15:54:38',NULL),
(1916,21,1,'Bulk Upload Report For File : 2024_10_26_161043_sample (2).csv has been proccessed','Bulk Upload Report for file 2024_10_26_161043_sample (2).csv has been proccessed successfully, please check and download from the list!',1,1,0,'2024-10-26 16:13:28',NULL),
(1917,21,1,'Bulk Upload Report For File : 2024_10_26_161320_sample (2).csv has been proccessed','Bulk Upload Report for file 2024_10_26_161320_sample (2).csv has been proccessed successfully, please check and download from the list!',1,1,0,'2024-10-26 16:18:04',NULL),
(1918,21,1,'Bulk Upload Report For File : 2024_10_26_171636_sample (2).csv has been proccessed','Bulk Upload Report for file 2024_10_26_171636_sample (2).csv has been proccessed successfully, please check and download from the list!',1,1,0,'2024-10-26 17:16:39',NULL),
(1919,21,1,'Bulk Upload Report For File : 2024_10_28_120338_sample (2).csv has been proccessed','Bulk Upload Report for file 2024_10_28_120338_sample (2).csv has been proccessed successfully, please check and download from the list!',1,1,0,'2024-10-28 12:13:26',NULL),
(1920,21,1,'Bulk Upload Report For File : 2024_10_29_181436_sample (2).csv has been proccessed','Bulk Upload Report for file 2024_10_29_181436_sample (2).csv has been proccessed successfully, please check and download from the list!',1,1,0,'2024-10-29 18:14:41',NULL),
(1921,21,1,'Bulk Upload Report For File : 2024_10_29_200156_Sample_new.csv has been proccessed','Bulk Upload Report for file 2024_10_29_200156_Sample_new.csv has been proccessed successfully, please check and download from the list!',1,1,0,'2024-10-30 17:27:46',NULL),
(1922,109,20,'Bulk Upload Report For File : 2024_10_30_200115_Reproccess_chassis.csv has been proccessed','Bulk Upload Report for file 2024_10_30_200115_Reproccess_chassis.csv has been proccessed successfully, please check and download from the list!',1,1,0,'2024-10-31 00:02:33',NULL),
(1923,21,1,'Bulk Upload Report For File : 2024_11_05_115913_Test1.csv has been proccessed','Bulk Upload Report for file 2024_11_05_115913_Test1.csv has been proccessed successfully, please check and download from the list!',1,1,0,'2024-11-05 11:59:59',NULL),
(1924,21,1,'Bulk Upload Report For File : 2024_11_05_120921_Test2.csv has been proccessed','Bulk Upload Report for file 2024_11_05_120921_Test2.csv has been proccessed successfully, please check and download from the list!',1,1,0,'2024-11-05 12:11:03',NULL),
(1925,21,1,'Bulk Upload Report For File : 2024_11_05_123609_Test2.csv has been proccessed','Bulk Upload Report for file 2024_11_05_123609_Test2.csv has been proccessed successfully, please check and download from the list!',1,1,0,'2024-11-05 12:37:52',NULL),
(1926,21,1,'Bulk Upload Report For File : 2024_11_05_125110_Test3.csv has been proccessed','Bulk Upload Report for file 2024_11_05_125110_Test3.csv has been proccessed successfully, please check and download from the list!',1,1,0,'2024-11-05 14:30:41',NULL),
(1927,21,1,'Bulk Upload Report For File : 2024_11_05_125224_Test3.csv has been proccessed','Bulk Upload Report for file 2024_11_05_125224_Test3.csv has been proccessed successfully, please check and download from the list!',1,1,0,'2024-11-05 16:09:54',NULL),
(1928,109,20,'Bulk Upload Report For File : 2024_11_12_133957_MSIL_Chassis.csv has been proccessed','Bulk Upload Report for file 2024_11_12_133957_MSIL_Chassis.csv has been proccessed successfully, please check and download from the list!',1,1,0,'2024-11-12 13:40:18',NULL),
(1929,21,1,'Bulk Upload Report For File : 2024_12_23_121130_sample (4).csv has been proccessed','Bulk Upload Report for file 2024_12_23_121130_sample (4).csv has been proccessed successfully, please check and download from the list!',1,1,0,'2024-12-23 12:23:33',NULL),
(1930,21,1,'Bulk Upload Report For File : 2025_01_14_132302_sample.csv has been proccessed','Bulk Upload Report for file 2025_01_14_132302_sample.csv has been proccessed successfully, please check and download from the list!',1,1,0,'2025-01-14 13:24:17',NULL),
(1931,21,1,'Bulk Upload Report For File : 2025_01_31_165917_sample (5).csv has been proccessed','Bulk Upload Report for file 2025_01_31_165917_sample (5).csv has been proccessed successfully, please check and download from the list!',1,1,0,'2025-01-31 17:15:43',NULL),
(1932,21,1,'Bulk Upload Report For File : 2025_01_31_171556_sample (5).csv has been proccessed','Bulk Upload Report for file 2025_01_31_171556_sample (5).csv has been proccessed successfully, please check and download from the list!',1,1,0,'2025-01-31 17:16:02',NULL),
(1933,21,1,'Bulk Upload Report For File : 2025_01_31_183309_sample (5).csv has been proccessed','Bulk Upload Report for file 2025_01_31_183309_sample (5).csv has been proccessed successfully, please check and download from the list!',1,1,0,'2025-01-31 18:33:12',NULL),
(1934,21,1,'Bulk Upload Report For File : 2025_01_31_190542_Portal_testing.csv has been proccessed','Bulk Upload Report for file 2025_01_31_190542_Portal_testing.csv has been proccessed successfully, please check and download from the list!',1,1,0,'2025-01-31 19:05:54',NULL),
(1935,21,1,'Bulk Upload Report For File : 2025_01_31_191048_Portal_testing.csv has been proccessed','Bulk Upload Report for file 2025_01_31_191048_Portal_testing.csv has been proccessed successfully, please check and download from the list!',1,1,0,'2025-01-31 19:10:53',NULL),
(1936,21,1,'Bulk Upload Report For File : 2025_02_11_152051_Book1.csv has been proccessed','Bulk Upload Report for file 2025_02_11_152051_Book1.csv has been proccessed successfully, please check and download from the list!',1,1,0,'2025-02-11 15:23:18',NULL),
(1937,21,1,'Bulk Upload Report For File : 2025_02_12_161000_1600Chassis data.csv has been proccessed','Bulk Upload Report for file 2025_02_12_161000_1600Chassis data.csv has been proccessed successfully, please check and download from the list!',1,1,0,'2025-02-12 16:19:26',NULL);

/*Data for the table `ocrdetails` */

insert  into `ocrdetails`(`id`,`file1`,`file2`,`api_logid`,`type`,`status`,`created_at`,`updated_at`) values 
(1,'/var/www/html/amygb/storage/app/public/2024_10_15_123401_pan_1.jpg','/var/www/html/amygb/storage/app/public/2024_10_15_123401_pan_1.jpg',830,'pan_card',1,'2024-10-15 12:34:02','2024-10-15 12:34:02'),
(2,'/var/www/html/amygb/storage/app/public/2024_10_15_125553_pan_4.jpg','/var/www/html/amygb/storage/app/public/2024_10_15_125553_pan_4.jpg',831,'pan_card',1,'2024-10-15 12:55:55','2024-10-15 12:55:55'),
(3,'/var/www/html/amygb/storage/app/public/2024_10_15_130020_pan_4.jpg','/var/www/html/amygb/storage/app/public/2024_10_15_130020_pan_4.jpg',832,'pan_card',1,'2024-10-15 13:00:22','2024-10-15 13:00:22'),
(4,'/var/www/html/amygb/storage/app/public/2024_10_15_130059_pan_1.jpg','/var/www/html/amygb/storage/app/public/2024_10_15_130059_pan_1.jpg',833,'pan_card',1,'2024-10-15 13:01:00','2024-10-15 13:01:00'),
(5,'/var/www/html/amygb/storage/app/public/2024_10_15_130120_pan_2.jpg','/var/www/html/amygb/storage/app/public/2024_10_15_130120_pan_2.jpg',834,'pan_card',1,'2024-10-15 13:01:21','2024-10-15 13:01:21'),
(6,'/var/www/html/amygb/storage/app/public/2024_10_15_130134_pan_2.jpg','/var/www/html/amygb/storage/app/public/2024_10_15_130134_pan_2.jpg',835,'pan_card',1,'2024-10-15 13:01:35','2024-10-15 13:01:35'),
(7,'/var/www/html/amygb/storage/app/public/2024_10_15_130214_pan_2.jpg','/var/www/html/amygb/storage/app/public/2024_10_15_130214_pan_2.jpg',836,'pan_card',1,'2024-10-15 13:02:14','2024-10-15 13:02:14'),
(8,'/var/www/html/amygb/storage/app/public/2024_10_15_130235_pan_2.jpg','/var/www/html/amygb/storage/app/public/2024_10_15_130235_pan_2.jpg',837,'pan_card',1,'2024-10-15 13:02:35','2024-10-15 13:02:35'),
(9,'/var/www/html/amygb/storage/app/public/2024_10_15_130252_pan_4.jpg','/var/www/html/amygb/storage/app/public/2024_10_15_130252_pan_4.jpg',838,'pan_card',1,'2024-10-15 13:02:52','2024-10-15 13:02:52'),
(10,'/var/www/html/amygb/storage/app/public/2024_10_15_130316_pan_4.jpg','/var/www/html/amygb/storage/app/public/2024_10_15_130316_pan_4.jpg',839,'pan_card',1,'2024-10-15 13:03:16','2024-10-15 13:03:16'),
(11,'/var/www/html/amygb/storage/app/public/2024_10_15_130338_pan_4.jpg','/var/www/html/amygb/storage/app/public/2024_10_15_130338_pan_4.jpg',840,'pan_card',1,'2024-10-15 13:03:40','2024-10-15 13:03:40'),
(12,'/var/www/html/amygb/storage/app/public/2024_10_15_130348_pan_4.jpg','/var/www/html/amygb/storage/app/public/2024_10_15_130348_pan_4.jpg',841,'pan_card',1,'2024-10-15 13:03:49','2024-10-15 13:03:49'),
(13,'/var/www/html/amygb/storage/app/public/2024_10_15_130721_pan_2.jpg','/var/www/html/amygb/storage/app/public/2024_10_15_130721_pan_2.jpg',842,'pan_card',1,'2024-10-15 13:07:23','2024-10-15 13:07:23'),
(14,'/var/www/html/amygb/storage/app/public/2024_10_15_131134_PAN8.PNG','/var/www/html/amygb/storage/app/public/2024_10_15_131134_PAN8.PNG',843,'pan_card',1,'2024-10-15 13:11:34','2024-10-15 13:11:34'),
(15,'/var/www/html/amygb/storage/app/public/2024_10_15_131540_PAN8.PNG','/var/www/html/amygb/storage/app/public/2024_10_15_131540_PAN8.PNG',844,'pan_card',1,'2024-10-15 13:15:41','2024-10-15 13:15:41');

/*Data for the table `otp_log` */

/*Data for the table `password_resets` */

/*Data for the table `personal_access_tokens` */

/*Data for the table `role` */

/*Data for the table `users` */

insert  into `users`(`id`,`role`,`client_id`,`name`,`username`,`password`,`email`,`mobile`,`gender`,`status`,`series_id`,`email_verified_at`,`remember_token`,`session_id`,`created_at`,`created_by`,`updated_at`,`updated_by`) values 
(7,'super_admin',0,'vibin','vibin','$2y$10$azAx9gDnMS6iEEOp1koLCefZenn/rvKS.SNJDJjB4KXVXw0iiyrEm','vibin@edas.tech','7785485447','male',1,'OZi6MREuZ0E30qis',NULL,'$2y$10$26rKcNoDsnlaLg7NRSI.hezBzEWvnltsCAxn6E2IihTFGxSer5q5m',NULL,'2023-06-14 13:16:01',NULL,'2025-05-04 10:38:07',NULL),
(13,'super_admin',0,'shyam','shyam','$2y$10$azAx9gDnMS6iEEOp1koLCefZenn/rvKS.SNJDJjB4KXVXw0iiyrEm','vibin@edas.tech','7785485447','male',1,'RHxxpjfOSdHyJPql',NULL,'$2y$10$XVpRUhn9jFkoJcWEDb4yQOnwOIqoqI80QdRTWi20H8ANYznbSk40K',NULL,'2023-06-14 13:16:01',NULL,'2023-08-31 13:27:35',NULL),
(16,'super_admin',0,'mahesh','mahesh','$2y$10$azAx9gDnMS6iEEOp1koLCefZenn/rvKS.SNJDJjB4KXVXw0iiyrEm','vibin@edas.tech','7785485447','male',1,'goo0TXppN45Mh77k',NULL,'$2y$10$b/OHsI6U8kOzz.r6SwtMqeMxm7wIYOp2bR773XjcDf7.dwqVeMfI6',NULL,'2023-06-14 13:16:01',NULL,'2023-07-07 17:19:43',NULL),
(20,'admin',1,'Admin','admin','$2y$10$8qGyX3z.UluEJNKHy8HodO.Q9QgeqTVhK856PCB8jm66wkxghAG0q','tata@aig.com','7738691225','male',1,'aVxiLrHyhmq3ilEL',NULL,'$2y$10$jK.xkSO3/E51JDUTaGw00.ncON9MMafjWOBzc8gw.PhTc2QlzsUmG',NULL,'2023-07-10 13:13:16',NULL,'2024-12-16 19:39:23',NULL),
(21,'user',1,'Test','user1','$2y$10$oYO017qUl4uNwvVAm6QGAOwW7y4Lag9o8KMHJ9qttTizgowbRFC2C','jaiprakash.chauhan@edas.tech','7785478556','male',1,'Cm2z5pzeaiLcWXXd',NULL,'$2y$10$aVVEYvhAEZdtioh0fTlfl.9Ol6e5CH0A9y8Kl.9fkxSd6tdNCFGZi',NULL,'2023-07-10 13:13:55',NULL,'2025-03-05 12:39:38',NULL),
(25,'user',2,'Kamal Tiwari','Kamal.T','$2y$10$txr3dyf4hX0JR3B8ypl0xOpTAbnz/ZIzfPIsXOu4tNfnXLs/mExai','kamal3.tewari@tataaig.com','7789654875','male',1,'YyOsFCaJFpBbKB5N',NULL,'$2y$10$k9V94tJvr9iDZJyGpp.Y4.NEDSTBx8nPu9kOhXTBAgDOnTVGacXNa',NULL,'2023-07-10 18:56:28',NULL,'2023-09-07 09:59:02',NULL),
(26,'user',2,'Jitendra Kadam','Jitendra.K','$2y$10$Nrtkpt56rf5lazTzWvjrZeszPWhffglR.EpFqRM2aSejupxMnwNnu','jitendra3.kadam@tataaig.com','7738691223','male',1,'oyweHF1iq6iGPdD5',NULL,'$2y$10$D38BAss6cQF85qGw2Ht9T.GRAO37tyisAsACl9YlTcO12LnGqPRg.',NULL,'2023-07-10 18:56:57',NULL,'2024-07-24 15:09:18',NULL),
(27,'admin',2,'TATAAIG','shashank.D','$2y$10$abtLUY99PAUgJ3.Ae/VyZuCpKYRXNsHB4AytnACkq.943mdb5kGIC','shashank.dahake@amygb.ai','7789654875','male',1,'pHJLRkLgruAtlhMR',NULL,'$2y$10$aqPB8JQQVL5QAFrvTVExj.y3hrUV73EW3oKp1AFyUK71.cauE0XJq',NULL,'2023-07-10 19:00:20',NULL,'2025-02-04 19:32:48',NULL),
(28,'user',3,'Lazar Bing','lazar.Bing','$2y$10$zpoy5c4Bv408GfNgLiQ/heJsUXRk4.ifJ9VBIH1zu3avgWD5Byi4W','lazar.bing@tatacapital.com','7506923192','male',1,'RHoqOPDgk3FaP0m0',NULL,'$2y$10$f.AxMVCkZ3u3GHQW1HBau.eNI4pUyAZoMWBZf.j3s3wVrboJr0pOG',NULL,'2023-07-13 16:23:12',NULL,'2023-07-14 15:57:47',NULL),
(31,'user',1,'Karuna','Karuna.as','$2y$10$3yh1exxAijG5nHaWcupFZeawRnVvNrvMQZUthaOYFqy0aHoNvwmSq','karunas@eosglobe.com','9819822132','male',1,'ofuUetqQJUR1FEd9',NULL,'$2y$10$FOF6teS.SM4pU3cdw9hZs.nUYiTxCkCA/0gIP/dJIJgZXKUY4VHc6',NULL,'2023-08-02 14:09:19',NULL,'2023-08-11 17:43:57',NULL),
(32,'user',2,'Lokesh G','lokeshg1','$2y$10$OHOFR4q5WGz32WIrOPxQR.o4ilXfjFU5LsrxHDKkwauJh.duO/07e','Lokesh2.G@tataaig.com','9663106601','male',1,'RIhPZdcNhUsWxBjP',NULL,'$2y$10$FVaAyIjWn3KbkCX/LTUDye5jSeVuPW6vy2WOzDTAC5I27Czc4aVUa',NULL,'2023-08-03 12:27:45',NULL,'2024-07-24 15:16:18',NULL),
(33,'user',2,'Gauri Hindlekar','ghindle','$2y$10$syY2m8ACgLQ7ql9cET0HoOFi4WKbvgInSiU/lxOZYH2u3WpK5GQ.a','Gauri1.Hindlekar@tataaig.com','8454920355','male',1,'0CxxFlmmIxVBpWsX',NULL,'$2y$10$RRmHuUmmbUf73EsLbx4MXuPwX8Y7e1.c9D9m9TL.CxsBYy24d4SVK',NULL,'2023-08-03 12:30:56',NULL,'2024-07-24 12:41:59',NULL),
(36,'user',2,'Arpita Rai','Arpirai','$2y$10$AUizdpbZU3AsPf.aHh1m3.BPNZbgNqSUaUW6GGIXu1Vr23cH4YRFC','Arpita1.Rai@tataaig.com','9532804822','male',1,'ob6R3NfA6F2yT6It',NULL,'$2y$10$x/.jFxzA3uF1c5ijBlSPDucE6WzSBuftYzGQQYyZU/sVWyHp0u7V6',NULL,'2023-08-03 12:45:57',NULL,'2024-07-22 11:50:14',NULL),
(37,'user',2,'Bharath T','bharatt1','$2y$10$3/ZMc3C1ruubDTn4KJ0IPOraYE3lDqdvprvPHaKGR3ho1GteLo.FW','Bharath4.T@tataaig.com','9164415587','male',1,'CHPPnPS6AQH1Aw0P',NULL,'$2y$10$oQWwGov5pJj7LgSK0NnfHueL40wNcoMYRdGU/2t5VIjDpFYgdTeoG',NULL,'2023-08-03 13:02:22',NULL,'2024-07-24 11:20:47',NULL),
(38,'user',4,'Raghav K','raghav.khandelwal','$2y$10$ImI9WoirPZtKMx.iFWxqkOIQ./fA8LoOFvJp3qUmy0PHsQEBD9RyS','raghav.khandelwal@aubank.in','7340012192','male',1,'sGiuealzlSdh55JQ',NULL,'$2y$10$imyWfb5j65dvZ.mqy9QyouQi6HlWQIeUXWL3fEdwX8cfnhSFmN.Nu',NULL,'2023-08-03 14:49:55',NULL,'2023-08-03 14:53:31',NULL),
(39,'user',5,'Deepak Mehta','deepak.mehta','$2y$10$4wvEij4RGi2oHO72YOCByuKFV/lLCKWTKRr6UDwj1P4.hbFPlNOiW','deepak.l.mehta@relianceada.com','9321955215','male',1,'UgYtjv4zgBJgjzIC',NULL,'$2y$10$Vmdfk4Q9RZ/NN/TKy8KByOPwbjQZYJlmUGL4Hbn2mBc4snkKx.K9m',NULL,'2023-07-07 12:40:17',NULL,'2024-07-22 12:00:58',NULL),
(40,'user',5,'Deepak Kankaria','deepak.k','$2y$10$JcmJTYwJWPuXgZ6YbITbpuhJ/pOtutOlBa7r5PWcvEgQ7SQmZ9FiC','deepak.kankaria@rcap.co.in','9770763499','male',1,'7n2K2JAWZ25G04Us',NULL,'$2y$10$7UbV5o9VcRU1a2ApT9fIWuczsgjCDYjYRoKBRI1tJ86GnGFDYLr6u',NULL,'2023-07-11 19:04:51',NULL,'2025-05-03 14:59:26',NULL),
(41,'user',5,'Ashish Kumar','ashish.ku','$2y$10$BGUJa0T8Xz8QkSqYJ4SqX.KsRmq/IynsQy1EiHHggH3LhNGRTkdy.','ashish.ku.mishra@rcap.co.in','9619825783','male',1,'JjGHJp9rslc8gyPt',NULL,'$2y$10$9UWh7NMzQlJWNDZrZtaeCOolWV/gfCihyo2IuRUg/IdCjO6wcLGJ2',NULL,'2023-07-11 19:05:36',NULL,'2024-09-03 19:16:00',NULL),
(42,'user',5,'Suhas Pawar','suhas.r','$2y$10$eA7VkSWofnQxK0s1iHTbT.LwG6a3../7wvHRZydlGx343CrPFKzfe','suhas.r.pawar@rcap.co.in','9022869605','male',1,'NmvjRJBr44jHBUt8',NULL,'$2y$10$w/JA4eW44/Sa01iQyCnz4.OTanbdGONhzwK1Ffpn9yWJMmlNevJiG',NULL,'2023-07-11 19:06:26',NULL,'2024-07-24 13:27:33',NULL),
(43,'user',5,'Girish Ganesan','girish.ganesan','$2y$10$W5STjTQzi/Zbk2xOtLhS1OGCIgsr265OYGCU0zZa0.NXxLO7J84YW','Girish.ganesan@relianceada','9321649210','male',1,'lLZAGvJIYPppV0TV',NULL,'$2y$10$6EM.sMHDkYl.i0FdmswuCuHgtHmRq4Rh0a8Ikvn9ostihZ2aw6iE2',NULL,'2023-07-25 17:13:14',NULL,'2024-07-23 17:25:25',NULL),
(44,'admin',5,'RGI','shashank.DD','$2y$10$1m11GAFc8RmO26QX9pJlm.VXJzkzPkl00P5nwXraHHD.cSRAIzMm.','shashankdhk66@gmail.com','9004370708','male',1,'bqaXfZM8NHAqIoKz',NULL,'$2y$10$jvvSAuVQyqyOaVhSZoQSKOqYWTAgxodYQnP1P5BS5mHVZr.K57vSy',NULL,'2023-08-10 18:51:50',NULL,'2024-05-16 10:24:14',NULL),
(45,'user',6,'Ayush Mittal','ayush.mittal','$2y$10$9/A6Ao.VJJA6bASnjHJMo.nfA3pVE.iWpUM9M2j38faRd.ZfLSEPm','ayush.mittal@insurancedekho.com','9799044384','male',1,'GdvvwcIycZ1hRuha',NULL,'$2y$10$m3j/IgMI0juFgpn6lz9m0u87NwkyW.dARpO/eTWvoRJ9Wko9Q3Fqq',NULL,'2023-08-15 12:48:50',NULL,'2023-08-15 12:50:00',NULL),
(48,'user',5,'RGI Motorclaims','RGI_Motorclaims','$2y$10$cc4Yxo5Mp.gbS.j4PqXgPOWcGBpue.FQl7lOuIiSGMw9mCtLsaaQG','Motorclaims@realianceada.com','8655671376','male',1,'OAdSbH0qHz5O7Jxi',NULL,'$2y$10$3oiJVqFTicLYFNhjrE1PIuddi1LpdPrkq/dZPfjuHUV.tUkElPY1S',NULL,'2023-08-17 13:23:45',NULL,'2024-07-24 15:46:47',NULL),
(51,'user',5,'Reliance','RCU_relianceada','$2y$10$jYHA2CHFv7vVuAHAPS5rdebEwByvhLhpzjJKhS49lQX8SFTtf6FBq','RCU@relianceada.com','9320001561','male',1,'ujJTgc7zrkLeJPjW',NULL,'$2y$10$T/xwFoukC6MKuqImZmM8AuOj//Lb/h7J6Xo1mjsh7Wz1kyNmzvLgq',NULL,'2023-08-17 16:35:30',NULL,'2024-07-24 15:49:16',NULL),
(54,'user',8,'Rahul.D','Rahul.D','$2y$10$2Q8.DLJEiX7xieDqh56jIORkRNtIvgCb6cZE51blHIdBOmTcr4Xa.','rahul.more@amygb.ai','9769064414','male',1,'aKxehVeVZRO0od2x',NULL,'$2y$10$ndzOqo.BFY4kHxPeJMfxR.WOYEusJ4eZISFTf9K.tMiFpCqUdnn8q',NULL,'2023-08-24 15:47:47',NULL,'2023-08-30 14:01:27',NULL),
(55,'user',7,'Anish','Anish.a','$2y$10$DrU0DXnU/QKexYwcmig6n.9lK5WDsVnCGbbEsTvIhFpfaIeCxpfmC','anish.ahmed@amygb.ai','9036461276','male',1,NULL,NULL,NULL,NULL,'2023-08-24 15:52:24',NULL,'2023-08-24 15:52:24',NULL),
(56,'user',7,'Pallavi','Pallavi.v','$2y$10$AGxvl2kUDaLJHN2nAhpYHe7vVA3EJOgxzM1EdThXXAP/jGEAlPb3u','pallavi@amygb.ai','7710018895','male',1,'4qVNyOAO4fFkTDPK',NULL,'$2y$10$EEpRoanu3fZ3p2iFx32iaeF.TedxUjAZrzzkMFapUoHMaoNQXv7te',NULL,'2023-08-24 15:58:46',NULL,'2023-08-30 13:58:17',NULL),
(57,'admin',8,'AmyGB','Preeti.K','$2y$10$WeKcqHK8Mat1m37m5M4YkOcKR99AB7jRzur.mRAOtsS8Xh7Tqpa2m','preeti@amygb.ai','9137236024','male',1,'uHh2gBz2vREJpgiT',NULL,'$2y$10$tsKv6iMnRzUupsMOcf1oLusXFSaG7gj2KINmvfEo04P2LLDnWDlnq',NULL,'2023-08-29 14:55:25',NULL,'2024-05-10 18:00:53',NULL),
(58,'user',8,'Niharika','niharika.s','$2y$10$TKcEf2HOdnuThSh3jM4H0.AqD2SKWxdYOcMKSZ6VYWIJXUPfDOYwS','niharika.sinha@amygb.ai','9867199553','male',1,'HlHqtw4b3Sbe0Xbo',NULL,'$2y$10$O4qKzvgnq8X.FZIjkHMeUe0PjkK1XjQpVjj0YZ9Mpqg8iyP57RkR6',NULL,'2023-08-29 14:56:51',NULL,'2023-10-05 12:14:50',NULL),
(60,'user',5,'K Srinivasa Rao','Srinivasa.R','$2y$10$.EmEJIOGPUD2GJl9LpCeROhcy3VWOq9Qza3fVjIMqFVdYrNCSIDlO','srinivasa.komminent@relianceada.com','9393824818','male',1,'9djBURs8RF4Q3ihR',NULL,'$2y$10$1L7nixzwiP.PxmZq2uLYquVcJZ76DjpT9OEmCjUASbsBYaPiFwZOu',NULL,'2023-08-30 17:09:13',NULL,'2024-07-24 16:00:18',NULL),
(61,'user',5,'Kunal Shukla','Kunal.S','$2y$10$kzEUqhHQf5IXWaDrEhEP1uIUobH1NR8HdspBu1Y05YJyBv/Cv/b/q','kunal.s.shukla@relianceada.com','7208852795','male',1,'I2f8248Lb4dNvESH',NULL,'$2y$10$bJRlfDjxQI.NpScwvVG2iumG2JxqmUjiEf4o0IzlflGtO3UGri44u',NULL,'2023-08-30 17:15:28',NULL,'2024-07-24 16:00:13',NULL),
(62,'user',5,'Vikas Choudhary','Vikas.C','$2y$10$ob4/QIf4MPV4a6ye7FgRNezInsGZZ8q4GhO.1Ma5CLmttDG.KT0he','vikas.o.choudhary@relianceada.com','9136967266','male',1,'I2kG6sNv4jU0Ljuz',NULL,'$2y$10$.joG.20k2JSDJ3cDTP4EPOCJs6UEfjg5GXnjq9GC8gZ8P.WzI9Ioa',NULL,'2023-08-30 17:21:40',NULL,'2024-07-24 15:57:10',NULL),
(63,'user',5,'Mayuri Karale','Mayuri.K','$2y$10$cOxtcDbREGFHy.Jh0lY9hOA45AGKFeoxPNho3e2CpDySDt1x8uhV6','mayuri.karale@relianceada.com','8767788766','male',1,'OA3JYGN8EFZBefLg',NULL,'$2y$10$ch.MdSDNCwfDMK1N728heOoFAKut3vple5tFAH271Z36SDtmwOAem',NULL,'2023-08-30 17:25:12',NULL,'2024-07-11 18:17:55',NULL),
(64,'user',8,'Gaurav Bali','gaurav.bali','$2y$10$zgmAf3Tr.MWVX3ipZpVguel9eJrMvF2XD0lSoY0vPLSdtvf72NhYS','gb@amygb.ai','9768199801','male',1,'qXtGGlg03bad8kut',NULL,'$2y$10$R.mgvtJtOz6Iom/ewBy2WetKOkNfswJiVRJMuEB/jEAs8/mVi85HW',NULL,'2023-08-31 18:18:24',NULL,'2023-08-31 18:18:52',NULL),
(65,'user',2,'Shilpa Walawalkar','Shilpa.W','$2y$10$254lf83EGlIgvcP9K3v58eOB6ltymn9h4H9JLrkF9all.khVGbkEe','Shilpa4.Walawalkar@tataaig.com','9324358269','male',1,'kzlfBG3CfdMCAUD3',NULL,'$2y$10$VUgv.zwW7pCX2BavoHjrIuShwJzXvmgkiGOFQPoM3IFGvoTXejs4q',NULL,'2023-09-05 14:40:08',NULL,'2024-07-22 18:01:45',NULL),
(66,'user',2,'Vipin Yadav','Vipin.Y','$2y$10$3J6hRv/aEFwVnBWim4RbFOsQevou.kSZoaI8fAoIKSzylMTuzSasy','vipinramakantyada.Teamlease@tataaig.com','8692068296','male',1,'tvl0jL4CU5iOv55o',NULL,'$2y$10$olZyaNOgzNcKGT60MVSg3e2HsB4rOXbBMbCK979ZVgImFP7/FENV.',NULL,'2023-09-05 14:42:03',NULL,'2024-07-24 12:02:52',NULL),
(68,'mis',2,'shashank_dahake','shashankdahake','$2y$10$VIrzREbfWMwniWWy8Jl82.dgt.Diar6Q9i3NE9BgX9o73rQ2Yu2A.','shashank.dahake@edas.tech','9877564432','male',1,'TDwc9rZEF1yv318D',NULL,'$2y$10$NLzKdt5ircT7HA09AKk2E.yVkIIfr5fcOlQA2inOiFgnrFkU4fuca',NULL,'2023-09-21 20:02:46',NULL,'2025-04-21 13:26:17',NULL),
(70,'admin',2,'Admin Account','TATAAIG_Admin','$2y$10$umMwzuKtgsvdbrtn.zgo7.n64hdrTcP7o2etudSiiYMguGrdu9n.m','vibin.vincent@edas.tech','9820050065','male',1,'0oAcwZNVZDgot3uF',NULL,'$2y$10$JIM2qB1wgUmDjTNvw5QTTeRA7B1JWQLxNpdm0Cmz6yYCivtyPu6bS',NULL,'2023-09-21 21:38:35',NULL,'2024-07-24 09:59:30',NULL),
(71,'user',5,'Amit Agarwal','Amit.A','$2y$10$PPQweXhOMZkjwqP0nA76nOWceyllqSihZSRGVqz61.b5ZD6iAq.56','amit.v.agarwal@relianceada.com','9022972316','male',1,'lHnvjtxMcBeWwlBa',NULL,'$2y$10$K2Sd8i08x3ty6JMEd98aAOYsLUrLs3jaRmJyw.a2kOBYSP/IfYA1i',NULL,'2023-10-09 16:21:45',NULL,'2024-07-23 10:59:37',NULL),
(74,'user',9,'Akshat Shukla','akshat.s','$2y$10$pTrd/38w9aHoYSgw4I07YuSp8dw3jO8bkv7jbf4YV7oMOraptjRXi','shukla.akshat@mahindra.com','9004370708','male',1,'BBFZxp12eLW9byX2',NULL,'$2y$10$.hzbojaFGAgmcf0g.NsgleixqzM6IZDLXTCU2oxHao07Cx3y546W6',NULL,'2023-10-12 17:11:10',NULL,'2023-10-30 10:18:15',NULL),
(75,'admin',5,'Reliance General Insurance','shailesh.p','$2y$10$TxEw5Y5RZMjJWmPqC1I5xuLj7c3mPfJJkf.01PZpHNPiM18DaNfga','shailesh.pawar@relianceada.com','9320001561','male',1,'50B1BqcPSloI7ZoN',NULL,'$2y$10$Eu7iw5YvOmVvb5LhmqAGCeI4WMl6ZLRNZ.r2NRgQ7uby5KFbJNZb2',NULL,'2023-11-10 10:38:26',NULL,'2024-06-28 17:39:30',NULL),
(76,'user',5,'Pragnesh Makwana','pragnesh.makwana','$2y$10$0b21Yi2MJTTolwpih.58ve42trnosbaN0OmH2Ey6o8HOBisqHj/Ye','Pragnesh.Makwana@relianceada.com','9136953251','male',1,'kv8ckqnoBjeJmJ4W',NULL,'$2y$10$SG12LHCRgkVhmDvIRO.m9enYHrhb7moDJvupbqJZWjJcn8Yl5/SQS',NULL,'2023-11-17 11:09:50',NULL,'2024-07-19 18:11:07',NULL),
(77,'user',1,'shashank2','user2','$2y$10$HS80vGxfmedTZqbolehfSuA2uydTrG4HAwNfnY/4JlqPx6bU0LO6i','gaurav.deshmukh@edas.tech','9769510151','male',1,'DNUa1H0U08bpNQrl',NULL,'$2y$10$l/1I.DhcP/zCv3iz8LTEBOb8IFF2QAL7EA0cjARFRckELyVR7wXpq',NULL,'2023-11-27 14:52:25',NULL,'2024-03-27 12:46:40',NULL),
(78,'user',2,'Blessy','Blessy','$2y$10$B10RFOAnZ92x5HyV1jXeHO8Ms2RS2Gk0V49EJTfph9Rq2/ovfAptC','blessy.virpapuram@tataaig.com','7021296131','male',1,'Dht7r2MHtJNlbWHg',NULL,'$2y$10$jwxclW9XvC9tNUREkY8rFOvFOSHOBvwL12hbO6sBH0EsfzVwfi79u',NULL,'2023-11-27 17:21:11',NULL,'2024-07-23 11:07:55',NULL),
(79,'user',10,'Pramod Shelar','pramod.s','$2y$10$81xN747okUS/zKrk1OWI.eHKJrtkJnAqTKuSZW0nD1E2AEs6kTj3i','pramod.shelar@futuregenerali.in','9820955133','male',1,'OO9yiy3wULsHrgaF',NULL,'$2y$10$j.HmHwWqcRYOl2cFTqGOp.UV0vXzOT0/xTxMDkaEW5G7eCkyRqpn6',NULL,'2023-11-29 16:10:54',NULL,'2023-12-22 17:33:35',NULL),
(80,'user',11,'Paras Chhabra','Paras.c','$2y$10$MGabGHJowMImHUcZRI9FlOjYzsaFb4Ik4zAhN8EiH7WqEZV0.mGHu','paras.c@shriramgi.com','9602575271','male',1,'UwCOm3bVWWDSXEX5',NULL,'$2y$10$50ATLtyYcmhFjiHk6l26pe6QSF2rqoHnku7u7siplliVEoyQW24Um',NULL,'2023-12-20 10:19:46',NULL,'2024-04-24 10:40:02',NULL),
(81,'user',2,'Sanjay.K','Sanjay.K','$2y$10$SJpit4M0CoNE1CaeohfOkOVe1xeFi0yVCbAIe8fNfLzJvBXTCgScS','Sanjay5.Kadachi@tataaig.com','8828210997','male',1,'qh6j9TogzQSrpnkS',NULL,'$2y$10$pzdJ8J1odmLuRawIA828l.daUoaQJDJP05VZ/O7JmYczKHuHNYY72',NULL,'2023-12-22 10:34:15',NULL,'2024-07-24 10:16:17',NULL),
(82,'admin',11,'Shashank Dahake','shashank.sgi','$2y$10$LhqWg5uXhcfxI98JwecqeO.AlNBvPi79ncfwwFdR8SwWC0M2XPCPa','shashankdhk123@live.com','9769510151','male',1,'FTLniAqTMQjq3SQr',NULL,'$2y$10$nbjz6BCYL2AJeTGxlwftgenw8o.f5m/tCsrf2jodNJvtdqMJFvzjC',NULL,'2023-12-22 10:54:01',NULL,'2024-05-03 12:17:04',NULL),
(83,'user',2,'Tarun Kumar Parijatham','Tarun.P','$2y$10$3PZZkZ/sgsrcBLvwaP/CHeqCxxVU2RAM73mv/k0ZxPktB3XylD1A6','Parijatham.Tarunkumar@tataaig.com','8099123012','male',1,'R8N86rr3BMARrTz1',NULL,'$2y$10$iJwxZTSElLiZSii9J1sz4.X/ftGzruqcIkoQdMSlCkwhYMdyqre6i',NULL,'2024-01-24 12:17:51',NULL,'2024-07-24 15:57:41',NULL),
(84,'user',2,'Prabhakar Reddy','Prabhakar.R','$2y$10$zJRFs/b/rLTZkXRgj8xtxe/o.91UnIpzAfoxC2Tvnt2wxQiKho4Sa','Prabhakar.Reddy@tataaig.com','9959382997','male',1,'aiyhE6A04uY8VsAb',NULL,'$2y$10$LNdBAJYkEGduGBS6DYYBwONfYjp3jiVPA4U9hWCMSGXBSL06wVEBu',NULL,'2024-01-24 12:24:17',NULL,'2024-07-24 10:56:16',NULL),
(85,'user',2,'Prabhu Kumar Kanduri','Prabhu.K','$2y$10$z.cFIYC2QcJEqtzOKisKhuEzNEcxkQS41ZagqwsgYuSgfI.tXOqBO','Kanduriprabhu.Kumar@tataaig.com','9059104536','male',1,'nbR9ltmQzPFvxVcz',NULL,'$2y$10$kb8QQNPHplzfHSz.fqfEMOnmOnSXsY4/G1KAfEMNynAugvWxCrAmK',NULL,'2024-01-24 12:27:09',NULL,'2024-07-24 14:37:19',NULL),
(86,'user',2,'Priya Chauhan','Priya.C','$2y$10$o0YQHN3JlWGRioXG/VZZM.26rGrxyA4/31g1FHQV.jhtKwPrdtgry','Priya2.Chauhan@tataaig.com','8341847387','male',1,'6ovfTrC7bec7R6qJ',NULL,'$2y$10$BbHrDsV7sUqYbs5LgV7waettGyv1JViKt4bGkMUtLtmoZ.HgIOupa',NULL,'2024-01-24 12:29:42',NULL,'2024-07-24 15:54:39',NULL),
(87,'user',2,'Yogendra Prajapati','Yogendra.P','$2y$10$.Rcf5mtw8mExsMvlFzOoQOpIWc9LkMD/0Zc6uRESx/q9KqSDKtGka','yogendra.Prajapati@tataaig.com','7977174055','male',1,'4heMJNyOBeDWmlSX',NULL,'$2y$10$9aHlDfdE.YYRHkLWJfEETuFQSH/Qle2BV3fjwobLo/VD7v0zibuRm',NULL,'2024-01-25 13:45:13',NULL,'2024-07-24 12:32:16',NULL),
(88,'user',2,'Vivek Pandey','Vivek.P','$2y$10$/ZELOkunZcSa51jFK8NRAeShCyTDneeGFH1vtQxTGW8nGXkpy/nw.','Vivek21.Pandey@tataaig.com','9322111186','male',1,'D68zf77GJP3f7hcr',NULL,'$2y$10$0CSf.pJiTtXuSylCH6i7YujxU24A5ll3j1LunDn/8NuSIi/xRM/46',NULL,'2024-01-31 13:29:57',NULL,'2024-07-24 15:59:45',NULL),
(89,'user',2,'Yugma Chudasama','Yugma.C','$2y$10$W3JaaMMKYYrip.X975LilOtvMEBFgRzObel4t8N3s7z3PzPd0e6Ja','Yugma.Chudasama@tataaig.com','9408048234','male',1,'hCufMmJWAeGL5ITX',NULL,'$2y$10$ccmG3f2xsIr1bQUEEKRtg.g8YLRez1yPcPSH6VnFFKUXKtX5VWDuu',NULL,'2024-02-12 12:28:28',NULL,'2024-07-24 15:52:10',NULL),
(90,'user',2,'Vikrant Mahade','Vikrant.M','$2y$10$17Wokubv.5iETRZWViVxGu4KGo94y81CBasjfvVis5sDEGMOQQzZq','Vikrant1.Mahade@tataaig.com','8898554754','male',1,'oflTjAJBpmOAUbJb',NULL,'$2y$10$eLSmecphqr/U1I9KBLmQS.MG.IRyEvHXFZ6CTo5KgHZkmeyCGyDRy',NULL,'2024-02-14 18:05:09',NULL,'2024-07-24 15:47:21',NULL),
(91,'user',12,'Abhilasha','abhilasha.poc','$2y$10$qDtV1aFoTRjvIz97ZvHNo.Ils9hrLqSLZ4gODPnl73i6mLecdHgQe','abhilasha.poc00001@gmail.com','7738691225','male',1,'p5W7urED64BZdmWK',NULL,'$2y$10$XOWiN7EDNdVr7s5Nocl9JOT6ggOO/t.lYU7vFylLMk.x5jU5TsYDK',NULL,'2024-02-15 10:54:05',NULL,'2024-02-15 10:54:24',NULL),
(92,'user',12,'Rajesh','rajesh001.poc','$2y$10$CLm3v.yud.oh7NCWGEQZ9.TvMBdmF6MRgTkOmFhZlE2tXQTFK5/gy','rajesh.poc000002@gmail.com','7738691445','male',1,'3B30vOnrb3t4BkQX',NULL,'$2y$10$PUDeT/u0gcRyhi4z4oHuUO7d//e9z9pmn1jYqtgWzeEOrg9njfjVO',NULL,'2024-02-15 10:56:31',NULL,'2024-02-21 16:09:42',NULL),
(93,'user',13,'Sneha','sneha','$2y$10$qlZPFSSii14MiIDc/xtlnuzk/tNF5yHmpgZozxr2s33vIpyreJjEi','snehas.os@tmibasl.com','9004370708','male',1,'BVHIwM7KMrOlctKF',NULL,'$2y$10$yXsAewG/J/xl6KPVwVCHLuxzQoikprXctJqoWwOo2MP5H2gi14QTe',NULL,'2024-02-23 11:09:54',NULL,'2024-03-26 16:31:02',NULL),
(94,'user',2,'Call Center','CallCenter_Support','$2y$10$0LW2KQ1gptlxSrIniHTle.GbmHfnzcVhPK9Fa9mzwZMxRqvs0kiUe','Saurabhkumar.Vashisth@tataaig.com','9643715102','male',1,'qR7gNyxCBu1jS7Hf',NULL,'$2y$10$TpHbiaH/JmJQfwzncegKBObz.mjdLcNOtFwac2Eb8hM4p1i3K5vB2',NULL,'2024-03-07 18:16:36',NULL,'2024-07-24 15:48:29',NULL),
(95,'admin',11,'SGI Admin','SGI_Admin','$2y$10$pM/7DLP/qviaMC8B2ueU4e0PseSBPievh5NSqAkGsLtuJaC0k2...','himanshu.upadhyay@shriramgi.com','9649903579','male',1,'bfUVqZvaoUxQp3Yz',NULL,'$2y$10$8QkCbatnsck.X1cX5h2K4uxxVnN4xL6SgTQLpJNQ1U.SDbjlTkcr6',NULL,'2024-03-14 14:59:41',NULL,'2024-07-16 16:58:34',NULL),
(96,'user',2,'Mayuri Ramane','Mayuri.R','$2y$10$.RisQVUCnQ7Lx.hL6wWfke1G1pdMtahNccv4KiGwmIUiG/9LwoKKi','Mayuri1.Ramane@tataaig.com','8652014456','male',1,'QMy2fJYzm8WtCILm',NULL,'$2y$10$FfcpzGQ6LA1RPQSTj5vjGejGletnkxm8WqwP/.yra/O6CCR72gOoq',NULL,'2024-03-20 11:24:04',NULL,'2024-05-06 15:38:18',NULL),
(97,'user',14,'Ranjan Patil','Rajan_Patil','$2y$10$nxfAkOv9/O/UarzeO7jS7eDow6vD0VQ7mtytkNo5o74w0tc4pebky','PATIL.RAJAN@mahindra.com','9167670763','male',1,'aExJzg52LYrwJdFr',NULL,'$2y$10$AO16TTc8zCl8VBFHAIH7se3d0RPr02jf1I09xAQshS3PBqisxrmJi',NULL,'2024-03-26 14:37:36',NULL,'2024-05-17 11:46:30',NULL),
(98,'admin',15,'Admin Account','AutoClaims_Admin','$2y$10$VEzhPN3wj7XvHw9hzaPoVuFox4z0oUu9.7V7QbQ2ZVxSnMFF5fKT2','mahesh.bhandari@edas.tech','8652669232','male',1,'ziyprjtsXa3yPJb9',NULL,'$2y$10$/UTAm6kuw6hjIr0tfymp1.3IRBD.BU7hkuaGYHQv1cy5y4X4BqVpq',NULL,'2024-04-01 17:57:48',NULL,'2024-04-02 11:23:51',NULL),
(99,'user',5,'Dhiraj Talesara','Dhiraj_Talesara','$2y$10$peh2JTRmGbJSE7IIrAR1Iet3AztY41cepCjkdR2nF9fUDmBU8SYYy','Dhiraj.Talesara@relianceada.com','9022921833','male',1,'eYzmfWfwEDfeGuju',NULL,'$2y$10$EPSMVmNsQRTL9n36.o9rlOZpf.zabgH7Bg9LgV/TR7pZ9AE8lgV0q',NULL,'2024-04-05 15:17:53',NULL,'2024-04-05 16:37:12',NULL),
(100,'user',2,'Customer Service','Customer_Service','$2y$10$qo.grHinSI3gpSGxBwO5ZOLmuw4bIWgL03Rw1zwVjzi5L.lsvDWDW','robinson.Dsouza@tataaig.com','8898187760','male',1,'jLA31eka1sUFprve',NULL,'$2y$10$NsOgp9aJEkZGqNlQ7W2JBeHL7rcGryBpQAdo1HLLwznKKInGv3JyS',NULL,'2024-04-29 10:28:49',NULL,'2024-07-24 14:29:50',NULL),
(101,'user',8,'Shyam Trivedi','Shyamt','$2y$10$4xfqlOIHUm8bBGN3f0yIHuKngzf2TH6Z4ZSLxsPaRvbJ./ppnwm0e','shyam.trivedi@amygb.ai','9137236024','male',1,'kIGV0qGzZFnBLWzm',NULL,'$2y$10$rh57c5LAmjdHduBsOnpTDevl6UwH5ZET0V2g7QiQhSNlm6i17oUL.',NULL,'2024-05-10 16:54:05',NULL,'2024-07-03 17:39:05',NULL),
(102,'user',16,'Pinku Bharathi','Pinku_B','$2y$10$IAbchvhHnyNy1YHO21/9Q.WzFYS35G/2wLgxSMFreWRMHMZsj5HrG','pinku@taxina.in','9841739975','male',1,'H14zxOiToYacdoU6',NULL,'$2y$10$goAlFMPV8Y5vy4JBJnlS.O5f6xuAMMK2ctlM/ZtSzkxg8/ZCgR.Ta',NULL,'2024-05-27 12:22:37',NULL,'2024-06-18 13:12:23',NULL),
(103,'user',2,'Chetan Patil','Chetan.P','$2y$10$p8xaFEF3hp.LWZwTB2HriegqtVE0hvDtDwjYcvy/DXGsPV/stThaC','Chetan3.Patil@tataaig.com','9699841425','male',1,'5F3vVevqykni0wDi',NULL,'$2y$10$yykmzcmM59.yCyaR4qgiF.Qh0gXDtYmgyYPD00vDCY2GO0HrsC3uq',NULL,'2024-05-30 15:33:26',NULL,'2024-07-22 12:40:27',NULL),
(104,'user',17,'Arjun','Arjun.S','$2y$10$wM.JfbnG12Amfwkg3tl.UeOt5.3fuahxayH9Bf/k.P0zLyVemkOwG','banraas@indianoil.in','7004733415','male',1,'vbBBBR0duxiUcOgI',NULL,'$2y$10$32U3gm3Ki22fxNJzybwB3.pHhi3kUfw/DZELF6B5qtCBM1mfrSfdG',NULL,'2024-06-07 18:26:42',NULL,'2024-06-12 12:09:32',NULL),
(105,'user',18,'Raghav','Raghav.t','$2y$10$LYKOqt/jXOyubuFP7W8rxe/ZWMiExL2yBV2g6h2i2iljrSOy32eCm','aleynea@eosglobe.com','9867199553','male',1,'PPK37uBt6iW4wn8x',NULL,'$2y$10$Ts4MufbC8uRIGom1g0qWq.xPbrwFamC8dZuyk2Qyen.jENL/2luze',NULL,'2024-06-13 19:41:13',NULL,'2024-06-15 11:32:12',NULL),
(106,'user',19,'Ankit','Ankit.J','$2y$10$swVJzE7x4oBM.VeaP7wxaOMMoRHDfISeQwv7e/thqK8cCA9XLMcUq','Kajal.mohite@edas.tech','9326219984','male',1,'yOHBNX9dNzDzZfxm',NULL,'$2y$10$YuA67w7LpUyvtLjRnsqVAeimuR2MVgNJoe3ppWAQaHwAMXhmFTKpa',NULL,'2024-06-19 15:12:33',NULL,'2024-06-19 15:13:06',NULL),
(107,'user',2,'Neil Fernandes','Neil.F','$2y$10$ptHCLo3ZawmawKgfVIzGSe/U/rPSlC1awAY5SX3ZdInCTIXWJZCYC','neil.Teamlease@tataaig.com','8698079455','male',1,'QRiRVL2lnWSmZqt6',NULL,'$2y$10$vEEhao2OeYT8UOwvkN65ue5/WtGIyVfH5PGBLgJTZ4FpnqGCToEii',NULL,'2024-06-21 11:13:03',NULL,'2024-07-24 10:24:14',NULL),
(108,'admin',15,'Tata Auto Claims','Admin_Autoclaims','$2y$10$SPUzx/ZKk2eblPV77h8SKuokwAWz2Te8Na/G2DllFTN5SrGv449a6','ankush5.mukherjee@tataaig.com','9703166939','male',1,'yOjb4OsUMi20aa1Y',NULL,'$2y$10$QYYEwucQuuG6Kv0Hmqoh7O41V.1rXM8/skvRfwf2XXu8DS8Hu6eGe',NULL,'2024-07-15 15:30:23',NULL,'2024-07-19 15:14:02',NULL),
(109,'user',20,'Hempreet Bajaj','Hempreet.B','$2y$10$cB1jaV9paUHfcVNhcR0ra.zPTOqKANyptX3NzzEP8xFZi0X49WbXq','hempreetsingh.bajaj@maruti.co.in','9004370708','male',1,'2A9CSBcStIXS2PXk',NULL,'$2y$10$TDnVS1S76syEOz8maKrUcO0cgSvYb5CFDoSZ5MVIYt5EzdXhDvroy',NULL,'2024-10-23 18:01:01',NULL,'2025-01-06 13:26:07',NULL),
(110,'user',1,'Test','user3','$2y$10$dXmspYUEQ548F1AxfWXwkOI9Bp8m6/fWrb5I67g0pyQAtvm3qWk2u','shashank.dahake2@amygb.ai','7710018895','male',1,'B2Shf4xFONxUXqCu',NULL,'$2y$10$PDOskZbmnc5/9ail4R0EJOP4wWRtW0JOzHzqyvKrEpkOU0lEpbbFi',NULL,'2024-10-26 13:40:08',NULL,'2024-10-26 14:10:16',NULL),
(111,'admin',1,'TATAAIG_TEST','tata@aig.com','$2y$10$s2lbrlMfNkekTfUZA6McleKJEEzsal0M0OFfl8zR6MkYO64BcSwG2','7777@aig.com','7777777777','male',1,NULL,NULL,NULL,NULL,'2024-12-04 11:21:09',NULL,'2024-12-04 11:21:09',NULL);
